theta,gen,true_prior,mean_total_nll_per_adult,num_adults,num_adult_trials,mean_nll_per_trial,k,mean_aic_per_run
"(1,1)",0.1,0.02,90.17966835192304,20,270,6.679975433475781,1,182.35933670384608
"(1,1)",0.2,0.02,30.404585788885196,20,270,2.252191539917422,2,64.8091715777704
"(1,1)",0.3,0.02,46.85740334516331,20,270,3.4709187663083934,2,97.71480669032663
"(1,1)",0.4,0.02,47.598986556028834,20,270,3.5258508560021355,2,99.19797311205767
"(1,1)",0.5,0.02,34.03002048659723,20,270,2.520742258266462,2,72.06004097319446
"(1,1)",0.6,0.02,34.10848323763117,20,270,2.526554313898605,2,72.21696647526234
"(1,1)",0.7,0.02,30.910513762523873,20,270,2.2896676861128795,2,65.82102752504775
"(1,1)",0.8,0.02,43.56466476916521,20,270,3.2270122051233487,2,91.12932953833042
"(1,1)",0.9,0.02,35.537834867952434,20,270,2.632432212440921,2,75.07566973590487
"(1,2)",0.1,0.02,62.52789771306355,20,270,4.631696126893597,1,127.0557954261271
"(1,2)",0.2,0.02,70.82856772948232,20,270,5.2465605725542455,2,145.65713545896463
"(1,2)",0.3,0.02,55.60536598680661,20,270,4.118915999022712,2,115.21073197361322
"(1,2)",0.4,0.02,61.1819320389954,20,270,4.531994965851511,2,126.3638640779908
"(1,2)",0.5,0.02,49.343917308927374,20,270,3.655104985846472,2,102.68783461785475
"(1,2)",0.6,0.02,49.023407383397505,20,270,3.6313635098812966,2,102.04681476679501
"(1,2)",0.7,0.02,28.207653722402814,20,270,2.089455831289097,2,60.41530744480563
"(1,2)",0.8,0.02,27.880502804078436,20,270,2.065222429931736,2,59.76100560815687
"(1,2)",0.9,0.02,34.82785165393006,20,270,2.5798408632540784,2,73.65570330786012
"(1,3)",0.1,0.02,50.62168566961404,20,270,3.7497544940454843,1,103.24337133922808
"(1,3)",0.2,0.02,74.00212689548586,20,270,5.481639029295248,2,152.00425379097172
"(1,3)",0.3,0.02,99.66403098463407,20,270,7.382520813676598,2,203.32806196926813
"(1,3)",0.4,0.02,81.5677938522294,20,270,6.042058803868844,2,167.1355877044588
"(1,3)",0.5,0.02,45.768417894952925,20,270,3.3902531774039204,2,95.53683578990585
"(1,3)",0.6,0.02,37.38776806736969,20,270,2.769464301286644,2,78.77553613473938
"(1,3)",0.7,0.02,22.442157478540977,20,270,1.6623820354474799,2,48.884314957081955
"(1,3)",0.8,0.02,35.696795987879646,20,270,2.644207110213307,2,75.39359197575929
"(1,3)",0.9,0.02,37.17219452163303,20,270,2.753495890491336,2,78.34438904326606
"(2,1)",0.1,0.02,41.912665893078994,20,270,3.1046419180058513,1,85.82533178615799
"(2,1)",0.2,0.02,33.02990996138645,20,270,2.4466599971397374,2,70.0598199227729
"(2,1)",0.3,0.02,34.52376089555345,20,270,2.557315621892848,2,73.0475217911069
"(2,1)",0.4,0.02,19.743890417071736,20,270,1.462510401264573,2,43.48778083414347
"(2,1)",0.5,0.02,26.76169563796764,20,270,1.9823478250346402,2,57.52339127593528
"(2,1)",0.6,0.02,31.640798312496752,20,270,2.3437628379627222,2,67.28159662499351
"(2,1)",0.7,0.02,24.126568260749806,20,270,1.7871532044999856,2,52.25313652149961
"(2,1)",0.8,0.02,40.30131090731042,20,270,2.9852822894304016,2,84.60262181462085
"(2,1)",0.9,0.02,48.647567238976826,20,270,3.6035234991834684,2,101.29513447795365
"(3,1)",0.1,0.02,53.287913685536694,20,270,3.9472528655953107,1,108.57582737107339
"(3,1)",0.2,0.02,25.747234951612295,20,270,1.9072025890083182,2,55.49446990322459
"(3,1)",0.3,0.02,21.16659159729128,20,270,1.5678956738734282,2,46.33318319458256
"(3,1)",0.4,0.02,25.84479978682764,20,270,1.9144296138390844,2,55.68959957365528
"(3,1)",0.5,0.02,26.49424366676277,20,270,1.9625365679083533,2,56.98848733352554
"(3,1)",0.6,0.02,33.57328389504472,20,270,2.4869099181514605,2,71.14656779008943
"(3,1)",0.7,0.02,27.438633343333397,20,270,2.0324913587654367,2,58.87726668666679
"(3,1)",0.8,0.02,23.813325987121782,20,270,1.763950073120132,2,51.626651974243565
"(3,1)",0.9,0.02,40.45916997945335,20,270,2.9969755540335816,2,84.9183399589067
"(4,1)",0.1,0.02,45.909334582424854,20,270,3.4006914505499894,1,93.81866916484971
"(4,1)",0.2,0.02,22.75051926546822,20,270,1.685223649293942,2,49.50103853093644
"(4,1)",0.3,0.02,19.46957263641835,20,270,1.4421905656606184,2,42.9391452728367
"(4,1)",0.4,0.02,20.356781878989395,20,270,1.5079097688140293,2,44.71356375797879
"(4,1)",0.5,0.02,26.25025794854277,20,270,1.9444635517439088,2,56.50051589708554
"(4,1)",0.6,0.02,20.85466357043354,20,270,1.5447898941061882,2,45.70932714086708
"(4,1)",0.7,0.02,24.113976240889702,20,270,1.786220462288126,2,52.227952481779404
"(4,1)",0.8,0.02,43.97214767245297,20,270,3.257196123885405,2,91.94429534490594
"(4,1)",0.9,0.02,28.27274413176271,20,270,2.094277343093534,2,60.54548826352542
"(5,1)",0.1,0.02,34.85473376845279,20,270,2.581832130996503,1,71.70946753690558
"(5,1)",0.2,0.02,28.438177494462128,20,270,2.106531666256454,2,60.876354988924255
"(5,1)",0.3,0.02,23.149664290412503,20,270,1.714789947437963,2,50.299328580825005
"(5,1)",0.4,0.02,20.690873965432807,20,270,1.5326573307728004,2,45.381747930865615
"(5,1)",0.5,0.02,20.399696467360435,20,270,1.5110886272118842,2,44.79939293472087
"(5,1)",0.6,0.02,22.348656103195186,20,270,1.6554560076440878,2,48.69731220639037
"(5,1)",0.7,0.02,30.567162299982403,20,270,2.264234244443141,2,65.1343245999648
"(5,1)",0.8,0.02,23.898567016460063,20,270,1.7702642234414863,2,51.79713403292013
"(5,1)",0.9,0.02,32.19252915860734,20,270,2.3846317895264697,2,68.38505831721469
"(6,1)",0.1,0.02,29.229794518588296,20,270,2.165169964339874,1,60.45958903717659
"(6,1)",0.2,0.02,31.619725849250017,20,270,2.3422019147592605,2,67.23945169850003
"(6,1)",0.3,0.02,24.433167584738023,20,270,1.8098642655361499,2,52.866335169476045
"(6,1)",0.4,0.02,19.93504655837712,20,270,1.4766701154353423,2,43.87009311675424
"(6,1)",0.5,0.02,21.850481749637233,20,270,1.618554203676832,2,47.700963499274465
"(6,1)",0.6,0.02,42.11598067085815,20,270,3.1197022719154184,2,88.2319613417163
"(6,1)",0.7,0.02,24.277917649756084,20,270,1.7983642703523026,2,52.55583529951217
"(6,1)",0.8,0.02,24.554605513777226,20,270,1.818859667687202,2,53.10921102755445
"(6,1)",0.9,0.02,42.694835778312736,20,270,3.1625804280231655,2,89.38967155662547
"(9,1)",0.1,0.02,46.31135807574785,20,270,3.4304709685739145,1,94.6227161514957
"(9,1)",0.2,0.02,20.029745963921307,20,270,1.483684886216393,2,44.059491927842615
"(9,1)",0.3,0.02,19.085123465458445,20,270,1.4137128492932183,2,42.17024693091689
"(9,1)",0.4,0.02,20.004851732191415,20,270,1.481840869051216,2,44.00970346438283
"(9,1)",0.5,0.02,20.224429464071516,20,270,1.4981058862275198,2,44.44885892814303
"(9,1)",0.6,0.02,23.80973538095743,20,270,1.763684102293143,2,51.61947076191486
"(9,1)",0.7,0.02,34.984035317785896,20,270,2.591410023539696,2,73.96807063557179
"(9,1)",0.8,0.02,31.429769032718433,20,270,2.328131039460625,2,66.85953806543687
"(9,1)",0.9,0.02,38.80409162171851,20,270,2.8743771571643344,2,81.60818324343703
"(15,1)",0.1,0.02,32.65212260132388,20,270,2.418675748246214,1,67.30424520264776
"(15,1)",0.2,0.02,23.455433847525576,20,270,1.7374395442611537,2,50.91086769505115
"(15,1)",0.3,0.02,20.829269453553263,20,270,1.542908848411353,2,45.658538907106525
"(15,1)",0.4,0.02,20.138622029517798,20,270,1.4917497799642814,2,44.277244059035596
"(15,1)",0.5,0.02,20.906083006425842,20,270,1.548598741216729,2,45.812166012851684
"(15,1)",0.6,0.02,24.47426155429316,20,270,1.812908263280975,2,52.94852310858632
"(15,1)",0.7,0.02,30.747913448440215,20,270,2.277623218402979,2,65.49582689688043
"(15,1)",0.8,0.02,35.61839277970919,20,270,2.6383994651636438,2,75.23678555941838
"(15,1)",0.9,0.02,24.285914180386737,20,270,1.7989566059545732,2,52.57182836077347
"(19,1)",0.1,0.02,27.827421585542687,20,270,2.0612904878179767,0,55.654843171085375
"(19,1)",0.2,0.02,23.037252493017817,20,270,1.7064631476309495,1,48.074504986035635
"(19,1)",0.3,0.02,20.01341000555749,20,270,1.4824748152264806,1,42.02682001111498
"(19,1)",0.4,0.02,19.897129092884345,20,270,1.4738614142877293,1,41.79425818576869
"(19,1)",0.5,0.02,26.1667069276536,20,270,1.9382745872335998,1,54.3334138553072
"(19,1)",0.6,0.02,26.89638563220155,20,270,1.9923248616445592,1,55.7927712644031
"(19,1)",0.7,0.02,35.9136121392993,20,270,2.6602675658740225,1,73.8272242785986
"(19,1)",0.8,0.02,29.673553618390606,20,270,2.1980410087696742,1,61.34710723678121
"(19,1)",0.9,0.02,27.887203501632786,20,270,2.065718777898725,1,57.77440700326557
