theta,gen,true_prior,run_number,trials_completed,boxes_opened,solved,final_theta
"(1,3)",0.7,0.02,1,59,5,True,0.5631427940851909
"(1,3)",0.7,0.02,2,70,2,False,0.24298570807923403
"(1,3)",0.7,0.02,3,70,1,False,0.14670200360338814
"(1,3)",0.7,0.02,4,42,5,True,0.5405055847990533
"(1,3)",0.7,0.02,5,40,5,True,0.5296729787037713
"(1,3)",0.7,0.02,6,21,5,True,0.6023420428955679
"(1,3)",0.7,0.02,7,70,1,False,0.12118516161841324
"(1,3)",0.7,0.02,8,70,4,False,0.43323969581501015
"(1,3)",0.7,0.02,9,27,5,True,0.5518356601148243
"(1,3)",0.7,0.02,10,33,5,True,0.5247724583850446
"(1,3)",0.7,0.02,11,66,5,True,0.5976181282359161
"(1,3)",0.7,0.02,12,15,5,True,0.6067893258337226
"(1,3)",0.7,0.02,13,18,5,True,0.6145038167938931
"(1,3)",0.7,0.02,14,70,2,False,0.21570561232931304
"(1,3)",0.7,0.02,15,70,2,False,0.2040269384818216
"(1,3)",0.7,0.02,16,70,0,False,0.07166222226507218
"(1,3)",0.7,0.02,17,70,3,False,0.2670985294493788
"(1,3)",0.7,0.02,18,30,5,True,0.5848002793068331
"(1,3)",0.7,0.02,19,26,5,True,0.5684129374421976
"(1,3)",0.7,0.02,20,24,5,True,0.5423892034992142
"(1,3)",0.7,0.02,21,70,0,False,0.06638465215679243
"(1,3)",0.7,0.02,22,70,1,False,0.14536178393454033
"(1,3)",0.7,0.02,23,27,5,True,0.5993275407347959
"(1,3)",0.7,0.02,24,13,5,True,0.6290322580645162
"(1,3)",0.7,0.02,25,70,4,False,0.46231137256052446
"(1,3)",0.7,0.02,26,48,5,True,0.48899426201161483
"(1,3)",0.7,0.02,27,36,5,True,0.5789873471521912
"(1,3)",0.7,0.02,28,25,5,True,0.6256917504734238
"(1,3)",0.7,0.02,29,70,1,False,0.14871532680922597
"(1,3)",0.7,0.02,30,70,0,False,0.06867047304018753
"(1,3)",0.7,0.02,31,35,5,True,0.52612274533855
"(1,3)",0.7,0.02,32,70,0,False,0.07320709135474152
"(1,3)",0.7,0.02,33,18,5,True,0.5985962606189107
"(1,3)",0.7,0.02,34,70,2,False,0.22712648771011112
"(1,3)",0.7,0.02,35,20,5,True,0.5987142390557748
"(1,3)",0.7,0.02,36,51,5,True,0.4856457423031691
"(1,3)",0.7,0.02,37,24,5,True,0.5889834009432845
"(1,3)",0.7,0.02,38,70,0,False,0.07397466661154298
"(1,3)",0.7,0.02,39,35,5,True,0.5244234886997634
"(1,3)",0.7,0.02,40,70,2,False,0.2320359082895165
"(1,3)",0.7,0.02,41,36,5,True,0.5931558935361216
"(1,3)",0.7,0.02,42,38,5,True,0.5834530238146932
"(1,3)",0.7,0.02,43,27,5,True,0.6126482213438735
"(1,3)",0.7,0.02,44,36,5,True,0.5570623671284838
"(1,3)",0.7,0.02,45,17,5,True,0.6012423048926798
"(1,3)",0.7,0.02,46,70,1,False,0.1330147070743214
"(1,3)",0.7,0.02,47,70,1,False,0.12989275618065854
"(1,3)",0.7,0.02,48,31,5,True,0.5614816120349173
"(1,3)",0.7,0.02,49,27,5,True,0.6193431158744658
"(1,3)",0.7,0.02,50,70,2,False,0.21592442978651358
"(1,3)",0.7,0.02,51,24,5,True,0.5989728559704771
"(1,3)",0.7,0.02,52,20,5,True,0.583941605839416
"(1,3)",0.7,0.02,53,70,1,False,0.12476502558457495
"(1,3)",0.7,0.02,54,26,5,True,0.5949697724195591
"(1,3)",0.7,0.02,55,47,5,True,0.51642743636412
"(1,3)",0.7,0.02,56,27,5,True,0.5475491303993107
"(1,3)",0.7,0.02,57,19,5,True,0.6143563964018454
"(1,3)",0.7,0.02,58,57,5,True,0.5569571865443426
"(1,3)",0.7,0.02,59,36,5,True,0.5259581550149904
"(1,3)",0.7,0.02,60,70,1,False,0.13726043428541887
"(1,3)",0.7,0.02,61,70,2,False,0.22054171723579685
"(1,3)",0.7,0.02,62,19,5,True,0.611764705882353
"(1,3)",0.7,0.02,63,34,5,True,0.5161649578330973
"(1,3)",0.7,0.02,64,43,5,True,0.5353379358411534
"(1,3)",0.7,0.02,65,27,5,True,0.5664492984055701
"(1,3)",0.7,0.02,66,32,5,True,0.557477967946525
"(1,3)",0.7,0.02,67,32,5,True,0.5029856510936959
"(1,3)",0.7,0.02,68,33,5,True,0.5190071781217769
"(1,3)",0.7,0.02,69,23,5,True,0.5867627674175708
"(1,3)",0.7,0.02,70,70,3,False,0.27846455794607394
"(1,3)",0.7,0.02,71,27,5,True,0.6111173857390256
"(1,3)",0.7,0.02,72,70,1,False,0.13575841219343612
"(1,3)",0.7,0.02,73,23,5,True,0.5811378720983216
"(1,3)",0.7,0.02,74,60,5,True,0.5116046910352074
"(1,3)",0.7,0.02,75,70,2,False,0.21249215675083924
"(1,3)",0.7,0.02,76,70,5,True,0.47691471534271135
"(1,3)",0.7,0.02,77,46,5,True,0.6206896551724138
"(1,3)",0.7,0.02,78,70,3,False,0.32807967745132643
"(1,3)",0.7,0.02,79,70,0,False,0.07231583285528179
"(1,3)",0.7,0.02,80,70,3,False,0.3410406544480829
"(1,3)",0.7,0.02,81,15,5,True,0.6285905143620575
"(1,3)",0.7,0.02,82,38,5,True,0.5436010198748684
"(1,3)",0.7,0.02,83,23,5,True,0.5824452248550137
"(1,3)",0.7,0.02,84,34,5,True,0.5949013445084688
"(1,3)",0.7,0.02,85,70,3,False,0.32564378677282135
"(1,3)",0.7,0.02,86,39,5,True,0.49342512481172784
"(1,3)",0.7,0.02,87,21,5,True,0.622568093385214
"(1,3)",0.7,0.02,88,56,5,True,0.5064102564102564
"(1,3)",0.7,0.02,89,18,5,True,0.5855710902658222
"(1,3)",0.7,0.02,90,70,0,False,0.0707401303393813
"(1,3)",0.7,0.02,91,32,5,True,0.5424244015937629
"(1,3)",0.7,0.02,92,70,2,False,0.25151421980151034
"(1,3)",0.7,0.02,93,43,5,True,0.5671843874501993
"(1,3)",0.7,0.02,94,70,2,False,0.21667028951014913
"(1,3)",0.7,0.02,95,70,4,False,0.3246526345002756
"(1,3)",0.7,0.02,96,36,5,True,0.6116382036685644
"(1,3)",0.7,0.02,97,47,5,True,0.5196998688216655
"(1,3)",0.7,0.02,98,55,5,True,0.5134300730216844
"(1,3)",0.7,0.02,99,15,5,True,0.6096236136581957
"(1,3)",0.7,0.02,100,70,4,False,0.3225976991939164
